"datetime","area","severity"
2020-04-06,1,4.16363636363636
2020-04-06 03:00:00,1,3.96666666666667
2020-04-06 06:00:00,1,4.16363636363636
2020-04-06 09:00:00,1,4.44
2020-04-06 12:00:00,1,2.38333333333333
2020-04-06 15:00:00,1,1.76
2020-04-06 18:00:00,1,2.55
2020-04-06 21:00:00,1,4.65
2020-04-07,1,4.12727272727273
2020-04-07 03:00:00,1,3.61111111111111
2020-04-07 06:00:00,1,4.96666666666667
2020-04-07 09:00:00,1,4.20833333333333
2020-04-07 12:00:00,1,4.23333333333333
2020-04-07 15:00:00,1,4.58
2020-04-07 18:00:00,1,3.81
2020-04-07 21:00:00,1,3.8
2020-04-08,1,5.25714285714286
2020-04-08 03:00:00,1,4.93
2020-04-08 06:00:00,1,4.91523178807947
2020-04-08 09:00:00,1,3.60676202860858
2020-04-08 12:00:00,1,1.945
2020-04-08 15:00:00,1,2.76875
2020-04-08 18:00:00,1,4.56363636363636
2020-04-08 21:00:00,1,4.96666666666667
2020-04-09,1,4.63636363636364
2020-04-09 03:00:00,1,3.6625
2020-04-09 06:00:00,1,3.42727272727273
2020-04-09 09:00:00,1,3.25625
2020-04-09 12:00:00,1,4.1125
2020-04-09 15:00:00,1,1.64262295081967
2020-04-09 18:00:00,1,3.11666666666667
2020-04-09 21:00:00,1,3.57692307692308
2020-04-10,1,5.2
2020-04-10 03:00:00,1,4.8
2020-04-10 06:00:00,1,4.92
2020-04-10 09:00:00,1,3.9375
2020-04-10 12:00:00,1,5.62
2020-04-10 15:00:00,1,3.74166666666667
2020-04-10 18:00:00,1,3.83333333333333
2020-04-10 21:00:00,1,3.72222222222222
2020-04-11,1,3.72222222222222
2020-04-06,2,3.32857142857143
2020-04-06 03:00:00,2,4.61785714285714
2020-04-06 06:00:00,2,4.1125
2020-04-06 09:00:00,2,4.33793103448276
2020-04-06 12:00:00,2,3.11891891891892
2020-04-06 15:00:00,2,1.27317073170732
2020-04-06 18:00:00,2,2.4
2020-04-06 21:00:00,2,4.19642857142857
2020-04-07,2,3.42941176470588
2020-04-07 03:00:00,2,4.97586206896552
2020-04-07 06:00:00,2,4.27241379310345
2020-04-07 09:00:00,2,3.78461538461538
2020-04-07 12:00:00,2,4.42
2020-04-07 15:00:00,2,4.3448275862069
2020-04-07 18:00:00,2,3.365625
2020-04-07 21:00:00,2,3.92083333333333
2020-04-08,2,4.359375
2020-04-08 03:00:00,2,4.152
2020-04-08 06:00:00,2,1.64477211796247
2020-04-08 09:00:00,2,1.27682281059063
2020-04-08 12:00:00,2,1.3503355704698
2020-04-08 15:00:00,2,2.07045454545455
2020-04-08 18:00:00,2,3.23823529411765
2020-04-08 21:00:00,2,3.9030303030303
2020-04-09,2,4.25757575757576
2020-04-09 03:00:00,2,5.21904761904762
2020-04-09 06:00:00,2,2.908
2020-04-09 09:00:00,2,4.36296296296296
2020-04-09 12:00:00,2,3.68709677419355
2020-04-09 15:00:00,2,1.11633416458853
2020-04-09 18:00:00,2,2.12758620689655
2020-04-09 21:00:00,2,3.08965517241379
2020-04-10,2,4.50588235294118
2020-04-10 03:00:00,2,3.93809523809524
2020-04-10 06:00:00,2,5.15652173913043
2020-04-10 09:00:00,2,4.36923076923077
2020-04-10 12:00:00,2,4.86666666666667
2020-04-10 15:00:00,2,3.85185185185185
2020-04-10 18:00:00,2,5.38571428571429
2020-04-10 21:00:00,2,4.35925925925926
2020-04-11,2,3.15
2020-04-06,3,3.62413793103448
2020-04-06 03:00:00,3,4.325
2020-04-06 06:00:00,3,3.63611111111111
2020-04-06 09:00:00,3,3.69090909090909
2020-04-06 12:00:00,3,3.18153846153846
2020-04-06 15:00:00,3,2.51208459214501
2020-04-06 18:00:00,3,2.77142857142857
2020-04-06 21:00:00,3,3.30588235294118
2020-04-07,3,4.17368421052632
2020-04-07 03:00:00,3,4.00833333333333
2020-04-07 06:00:00,3,4.08
2020-04-07 09:00:00,3,3.72592592592593
2020-04-07 12:00:00,3,5.51
2020-04-07 15:00:00,3,2.68
2020-04-07 18:00:00,3,4.74615384615385
2020-04-07 21:00:00,3,3.05185185185185
2020-04-08,3,5
2020-04-08 03:00:00,3,4.97619047619048
2020-04-08 06:00:00,3,5.32657942238267
2020-04-08 09:00:00,3,5.31827203736135
2020-04-08 12:00:00,3,NA
2020-04-08 15:00:00,3,NA
2020-04-08 18:00:00,3,NA
2020-04-08 21:00:00,3,NA
2020-04-09,3,5.3446
2020-04-09 03:00:00,3,5.3037037037037
2020-04-09 06:00:00,3,5.36315789473684
2020-04-09 09:00:00,3,4.921875
2020-04-09 12:00:00,3,4.976
2020-04-09 15:00:00,3,6.38324324324324
2020-04-09 18:00:00,3,NA
2020-04-09 21:00:00,3,NA
2020-04-10,3,NA
2020-04-10 03:00:00,3,NA
2020-04-10 06:00:00,3,NA
2020-04-10 09:00:00,3,NA
2020-04-10 12:00:00,3,6.35058613659531
2020-04-10 15:00:00,3,5.14642857142857
2020-04-10 18:00:00,3,4.09615384615385
2020-04-10 21:00:00,3,4.89523809523809
2020-04-11,3,4.89523809523809
2020-04-06,4,4.85555555555556
2020-04-06 03:00:00,4,3.4
2020-04-06 06:00:00,4,4.1
2020-04-06 09:00:00,4,6.55
2020-04-06 12:00:00,4,2.64166666666667
2020-04-06 15:00:00,4,2.19152542372881
2020-04-06 18:00:00,4,2.65
2020-04-06 21:00:00,4,3.43333333333333
2020-04-07,4,3.54285714285714
2020-04-07 03:00:00,4,4.025
2020-04-07 06:00:00,4,2.975
2020-04-07 09:00:00,4,3.43333333333333
2020-04-07 12:00:00,4,3.92
2020-04-07 15:00:00,4,4.55
2020-04-07 18:00:00,4,3.43846153846154
2020-04-07 21:00:00,4,1.225
2020-04-08,4,5.5125
2020-04-08 03:00:00,4,5.28888888888889
2020-04-08 06:00:00,4,3.3989898989899
2020-04-08 09:00:00,4,3.40084291187739
2020-04-08 12:00:00,4,3.39295774647887
2020-04-08 15:00:00,4,3.47735849056604
2020-04-08 18:00:00,4,4.0125
2020-04-08 21:00:00,4,4.4
2020-04-09,4,3.95
2020-04-09 03:00:00,4,5.11666666666667
2020-04-09 06:00:00,4,4.08333333333333
2020-04-09 09:00:00,4,4.99
2020-04-09 12:00:00,4,4.75555555555556
2020-04-09 15:00:00,4,5.00125944584383
2020-04-09 18:00:00,4,5.07476635514019
2020-04-09 21:00:00,4,4.98461538461538
2020-04-10,4,5.03333333333333
2020-04-10 03:00:00,4,4.6
2020-04-10 06:00:00,4,NA
2020-04-10 09:00:00,4,NA
2020-04-10 12:00:00,4,NA
2020-04-10 15:00:00,4,3.84375
2020-04-10 18:00:00,4,5
2020-04-10 21:00:00,4,3.325
2020-04-11,4,3.325
2020-04-06,5,4.4625
2020-04-06 03:00:00,5,4.01875
2020-04-06 06:00:00,5,3.06666666666667
2020-04-06 09:00:00,5,3.8
2020-04-06 12:00:00,5,3.14285714285714
2020-04-06 15:00:00,5,0.928735632183908
2020-04-06 18:00:00,5,1.9
2020-04-06 21:00:00,5,3.61428571428571
2020-04-07,5,4.49230769230769
2020-04-07 03:00:00,5,2.79166666666667
2020-04-07 06:00:00,5,4.11538461538461
2020-04-07 09:00:00,5,3.54285714285714
2020-04-07 12:00:00,5,3.975
2020-04-07 15:00:00,5,3.49333333333333
2020-04-07 18:00:00,5,2.90769230769231
2020-04-07 21:00:00,5,2.49333333333333
2020-04-08,5,4.8
2020-04-08 03:00:00,5,4.34615384615385
2020-04-08 06:00:00,5,2.54876033057851
2020-04-08 09:00:00,5,2.37268786127168
2020-04-08 12:00:00,5,2.4104347826087
2020-04-08 15:00:00,5,2.75769230769231
2020-04-08 18:00:00,5,4.85714285714286
2020-04-08 21:00:00,5,4.78
2020-04-09,5,3.14285714285714
2020-04-09 03:00:00,5,3.71818181818182
2020-04-09 06:00:00,5,4.08333333333333
2020-04-09 09:00:00,5,4.55
2020-04-09 12:00:00,5,3.64166666666667
2020-04-09 15:00:00,5,2.27679324894515
2020-04-09 18:00:00,5,2.62857142857143
2020-04-09 21:00:00,5,3.64
2020-04-10,5,2.96
2020-04-10 03:00:00,5,3.3125
2020-04-10 06:00:00,5,3.96
2020-04-10 09:00:00,5,4.46
2020-04-10 12:00:00,5,5.3875
2020-04-10 15:00:00,5,3.25
2020-04-10 18:00:00,5,3.76071428571429
2020-04-10 21:00:00,5,5.2
2020-04-11,5,5.2
2020-04-06,6,4.41818181818182
2020-04-06 03:00:00,6,4.2825
2020-04-06 06:00:00,6,4.15555555555556
2020-04-06 09:00:00,6,3.75172413793103
2020-04-06 12:00:00,6,3.03488372093023
2020-04-06 15:00:00,6,1.41968085106383
2020-04-06 18:00:00,6,1.96949152542373
2020-04-06 21:00:00,6,3.16060606060606
2020-04-07,6,4.344
2020-04-07 03:00:00,6,4.38484848484848
2020-04-07 06:00:00,6,4.69230769230769
2020-04-07 09:00:00,6,4.29459459459459
2020-04-07 12:00:00,6,4.03823529411765
2020-04-07 15:00:00,6,4.08888888888889
2020-04-07 18:00:00,6,3.5962962962963
2020-04-07 21:00:00,6,4.62307692307692
2020-04-08,6,4.21481481481481
2020-04-08 03:00:00,6,4.29166666666667
2020-04-08 06:00:00,6,2.16182795698925
2020-04-08 09:00:00,6,2.01332436069987
2020-04-08 12:00:00,6,2.14611111111111
2020-04-08 15:00:00,6,3.22666666666667
2020-04-08 18:00:00,6,4.33333333333333
2020-04-08 21:00:00,6,4.21304347826087
2020-04-09,6,3.79444444444444
2020-04-09 03:00:00,6,4.17692307692308
2020-04-09 06:00:00,6,3.88529411764706
2020-04-09 09:00:00,6,2.58333333333333
2020-04-09 12:00:00,6,3.97241379310345
2020-04-09 15:00:00,6,2.45983606557377
2020-04-09 18:00:00,6,3.14269662921348
2020-04-09 21:00:00,6,3.24193548387097
2020-04-10,6,2.85862068965517
2020-04-10 03:00:00,6,3.38055555555556
2020-04-10 06:00:00,6,4.52857142857143
2020-04-10 09:00:00,6,3.4
2020-04-10 12:00:00,6,3.46129032258064
2020-04-10 15:00:00,6,4.04848484848485
2020-04-10 18:00:00,6,4.25588235294118
2020-04-10 21:00:00,6,4.06666666666667
2020-04-11,6,7.6
2020-04-06,7,3.8
2020-04-06 03:00:00,7,3.8
2020-04-06 06:00:00,7,3.8
2020-04-06 09:00:00,7,3.8
2020-04-06 12:00:00,7,3.8
2020-04-06 15:00:00,7,3.8
2020-04-06 18:00:00,7,NA
2020-04-06 21:00:00,7,NA
2020-04-07,7,NA
2020-04-07 03:00:00,7,NA
2020-04-07 06:00:00,7,NA
2020-04-07 09:00:00,7,4.1
2020-04-07 12:00:00,7,NA
2020-04-07 15:00:00,7,NA
2020-04-07 18:00:00,7,NA
2020-04-07 21:00:00,7,NA
2020-04-08,7,NA
2020-04-08 03:00:00,7,NA
2020-04-08 06:00:00,7,6.37857142857143
2020-04-08 09:00:00,7,6.33865546218487
2020-04-08 12:00:00,7,6.025
2020-04-08 15:00:00,7,5.98
2020-04-08 18:00:00,7,NA
2020-04-08 21:00:00,7,NA
2020-04-09,7,NA
2020-04-09 03:00:00,7,NA
2020-04-09 06:00:00,7,NA
2020-04-09 09:00:00,7,NA
2020-04-09 12:00:00,7,NA
2020-04-09 15:00:00,7,4.78
2020-04-09 18:00:00,7,4.7
2020-04-09 21:00:00,7,4.7
2020-04-10,7,NA
2020-04-10 03:00:00,7,NA
2020-04-10 06:00:00,7,NA
2020-04-10 09:00:00,7,NA
2020-04-10 12:00:00,7,NA
2020-04-10 15:00:00,7,NA
2020-04-10 18:00:00,7,3.5
2020-04-10 21:00:00,7,3.5
2020-04-11,7,3.5
2020-04-06,8,4.32941176470588
2020-04-06 03:00:00,8,2.93823529411765
2020-04-06 06:00:00,8,3.325
2020-04-06 09:00:00,8,3.896
2020-04-06 12:00:00,8,3.32295081967213
2020-04-06 15:00:00,8,2.31981981981982
2020-04-06 18:00:00,8,2.76785714285714
2020-04-06 21:00:00,8,3.48723404255319
2020-04-07,8,4.58333333333333
2020-04-07 03:00:00,8,4.90454545454545
2020-04-07 06:00:00,8,3.89615384615385
2020-04-07 09:00:00,8,3.76129032258064
2020-04-07 12:00:00,8,3.30606060606061
2020-04-07 15:00:00,8,3.848
2020-04-07 18:00:00,8,4.21111111111111
2020-04-07 21:00:00,8,3.97619047619048
2020-04-08,8,3.10645161290323
2020-04-08 03:00:00,8,4.78
2020-04-08 06:00:00,8,4.0875816993464
2020-04-08 09:00:00,8,4.23419955085018
2020-04-08 12:00:00,8,4.97922272047833
2020-04-08 15:00:00,8,NA
2020-04-08 18:00:00,8,NA
2020-04-08 21:00:00,8,NA
2020-04-09,8,NA
2020-04-09 03:00:00,8,NA
2020-04-09 06:00:00,8,NA
2020-04-09 09:00:00,8,5.10750355618777
2020-04-09 12:00:00,8,4.02962962962963
2020-04-09 15:00:00,8,5.07594268476621
2020-04-09 18:00:00,8,5.10078369218679
2020-04-09 21:00:00,8,5.12562469960737
2020-04-10,8,5.15046570702794
2020-04-10 03:00:00,8,4.91590909090909
2020-04-10 06:00:00,8,3.775
2020-04-10 09:00:00,8,3.83939393939394
2020-04-10 12:00:00,8,4.57666666666667
2020-04-10 15:00:00,8,3.18387096774194
2020-04-10 18:00:00,8,3.94358974358974
2020-04-10 21:00:00,8,4.00357142857143
2020-04-11,8,4.00357142857143
2020-04-06,9,4.228
2020-04-06 03:00:00,9,4.58181818181818
2020-04-06 06:00:00,9,3.60625
2020-04-06 09:00:00,9,2.97142857142857
2020-04-06 12:00:00,9,3.08571428571429
2020-04-06 15:00:00,9,2.31711409395973
2020-04-06 18:00:00,9,2.44117647058824
2020-04-06 21:00:00,9,3.99722222222222
2020-04-07,9,4.12222222222222
2020-04-07 03:00:00,9,4.35277777777778
2020-04-07 06:00:00,9,3.6375
2020-04-07 09:00:00,9,3.87407407407407
2020-04-07 12:00:00,9,3.74333333333333
2020-04-07 15:00:00,9,4.37931034482759
2020-04-07 18:00:00,9,4.82903225806452
2020-04-07 21:00:00,9,3.06818181818182
2020-04-08,9,3.73478260869565
2020-04-08 03:00:00,9,3.35185185185185
2020-04-08 06:00:00,9,4.44911147011308
2020-04-08 09:00:00,9,4.48260869565217
2020-04-08 12:00:00,9,5.52678571428571
2020-04-08 15:00:00,9,5.61333647443146
2020-04-08 18:00:00,9,5.69988723457721
2020-04-08 21:00:00,9,5.78643799472295
2020-04-09,9,3.61363636363636
2020-04-09 03:00:00,9,4.05862068965517
2020-04-09 06:00:00,9,4.9047619047619
2020-04-09 09:00:00,9,3.95925925925926
2020-04-09 12:00:00,9,3.96666666666667
2020-04-09 15:00:00,9,4.47895515032035
2020-04-09 18:00:00,9,4.40117370892019
2020-04-09 21:00:00,9,4.45538461538461
2020-04-10,9,4.25862068965517
2020-04-10 03:00:00,9,4.38571428571429
2020-04-10 06:00:00,9,4.4625
2020-04-10 09:00:00,9,4.5
2020-04-10 12:00:00,9,3.304
2020-04-10 15:00:00,9,3.82222222222222
2020-04-10 18:00:00,9,3.94571428571429
2020-04-10 21:00:00,9,3.34375
2020-04-11,9,3.34375
2020-04-06,10,4.725
2020-04-06 03:00:00,10,7.1
2020-04-06 06:00:00,10,3.52307692307692
2020-04-06 09:00:00,10,3.22222222222222
2020-04-06 12:00:00,10,3.23333333333333
2020-04-06 15:00:00,10,2.97966101694915
2020-04-06 18:00:00,10,3.2625
2020-04-06 21:00:00,10,4.13333333333333
2020-04-07,10,3.61538461538461
2020-04-07 03:00:00,10,3.625
2020-04-07 06:00:00,10,2.75
2020-04-07 09:00:00,10,4.74166666666667
2020-04-07 12:00:00,10,2.4
2020-04-07 15:00:00,10,3.91666666666667
2020-04-07 18:00:00,10,4.81111111111111
2020-04-07 21:00:00,10,3.42
2020-04-08,10,4.62727272727273
2020-04-08 03:00:00,10,4.2
2020-04-08 06:00:00,10,5.26603773584906
2020-04-08 09:00:00,10,NA
2020-04-08 12:00:00,10,NA
2020-04-08 15:00:00,10,NA
2020-04-08 18:00:00,10,NA
2020-04-08 21:00:00,10,NA
2020-04-09,10,NA
2020-04-09 03:00:00,10,5.3837074583635
2020-04-09 06:00:00,10,3.98333333333333
2020-04-09 09:00:00,10,4.36
2020-04-09 12:00:00,10,3.83333333333333
2020-04-09 15:00:00,10,4.54250764525994
2020-04-09 18:00:00,10,4.04117647058824
2020-04-09 21:00:00,10,4.75833333333333
2020-04-10,10,3.55714285714286
2020-04-10 03:00:00,10,4.03333333333333
2020-04-10 06:00:00,10,5.31666666666667
2020-04-10 09:00:00,10,2.46666666666667
2020-04-10 12:00:00,10,3.625
2020-04-10 15:00:00,10,3.3625
2020-04-10 18:00:00,10,4.025
2020-04-10 21:00:00,10,3.87
2020-04-11,10,3.87
2020-04-06,11,4.16
2020-04-06 03:00:00,11,3.5
2020-04-06 06:00:00,11,7.1
2020-04-06 09:00:00,11,4.2
2020-04-06 12:00:00,11,3.7
2020-04-06 15:00:00,11,1.20588235294118
2020-04-06 18:00:00,11,1.79230769230769
2020-04-06 21:00:00,11,4.96
2020-04-07,11,3.43
2020-04-07 03:00:00,11,3.43
2020-04-07 06:00:00,11,1.84285714285714
2020-04-07 09:00:00,11,3.675
2020-04-07 12:00:00,11,3.9
2020-04-07 15:00:00,11,3.5375
2020-04-07 18:00:00,11,2.94
2020-04-07 21:00:00,11,2.44
2020-04-08,11,4.75714285714286
2020-04-08 03:00:00,11,3.9
2020-04-08 06:00:00,11,4.43346228239845
2020-04-08 09:00:00,11,4.36582278481013
2020-04-08 12:00:00,11,4.22723214285714
2020-04-08 15:00:00,11,4.4695652173913
2020-04-08 18:00:00,11,4.82307692307692
2020-04-08 21:00:00,11,3.775
2020-04-09,11,3.65714285714286
2020-04-09 03:00:00,11,4.46666666666667
2020-04-09 06:00:00,11,4.02
2020-04-09 09:00:00,11,5.71428571428571
2020-04-09 12:00:00,11,4.13333333333333
2020-04-09 15:00:00,11,4.09259896729776
2020-04-09 18:00:00,11,4.10869565217391
2020-04-09 21:00:00,11,4.33333333333333
2020-04-10,11,4.85
2020-04-10 03:00:00,11,6.35
2020-04-10 06:00:00,11,3.625
2020-04-10 09:00:00,11,4.4
2020-04-10 12:00:00,11,4.11111111111111
2020-04-10 15:00:00,11,4.075
2020-04-10 18:00:00,11,2.75
2020-04-10 21:00:00,11,4.85
2020-04-11,11,4.85
2020-04-06,12,3.62222222222222
2020-04-06 03:00:00,12,3.45
2020-04-06 06:00:00,12,4.5
2020-04-06 09:00:00,12,4.62727272727273
2020-04-06 12:00:00,12,1.93571428571429
2020-04-06 15:00:00,12,1.50952380952381
2020-04-06 18:00:00,12,2.11071428571429
2020-04-06 21:00:00,12,6.075
2020-04-07,12,4.58
2020-04-07 03:00:00,12,4.97
2020-04-07 06:00:00,12,4.06
2020-04-07 09:00:00,12,4.62
2020-04-07 12:00:00,12,4.12222222222222
2020-04-07 15:00:00,12,4.8
2020-04-07 18:00:00,12,3.96666666666667
2020-04-07 21:00:00,12,2.45
2020-04-08,12,5.29090909090909
2020-04-08 03:00:00,12,4.125
2020-04-08 06:00:00,12,3.59459459459459
2020-04-08 09:00:00,12,3.49664525339044
2020-04-08 12:00:00,12,3.54270072992701
2020-04-08 15:00:00,12,3.52818791946309
2020-04-08 18:00:00,12,4.26388888888889
2020-04-08 21:00:00,12,4.85
2020-04-09,12,4.61666666666667
2020-04-09 03:00:00,12,5.12
2020-04-09 06:00:00,12,3.69230769230769
2020-04-09 09:00:00,12,5.17142857142857
2020-04-09 12:00:00,12,5.47142857142857
2020-04-09 15:00:00,12,3.29162790697674
2020-04-09 18:00:00,12,3.21584699453552
2020-04-09 21:00:00,12,3.45777777777778
2020-04-10,12,3.05833333333333
2020-04-10 03:00:00,12,3.31111111111111
2020-04-10 06:00:00,12,2.3
2020-04-10 09:00:00,12,4.5
2020-04-10 12:00:00,12,4.50724637681159
2020-04-10 15:00:00,12,4.51449275362319
2020-04-10 18:00:00,12,4.52173913043478
2020-04-10 21:00:00,12,1.525
2020-04-11,12,1.525
2020-04-06,13,3.08
2020-04-06 03:00:00,13,3.21142857142857
2020-04-06 06:00:00,13,3.34285714285714
2020-04-06 09:00:00,13,5.18
2020-04-06 12:00:00,13,2.3625
2020-04-06 15:00:00,13,1.57424242424242
2020-04-06 18:00:00,13,2.00526315789474
2020-04-06 21:00:00,13,3.575
2020-04-07,13,2.94285714285714
2020-04-07 03:00:00,13,2.8
2020-04-07 06:00:00,13,4.025
2020-04-07 09:00:00,13,4.725
2020-04-07 12:00:00,13,2.925
2020-04-07 15:00:00,13,4.51
2020-04-07 18:00:00,13,3.5
2020-04-07 21:00:00,13,5.36666666666667
2020-04-08,13,5.21
2020-04-08 03:00:00,13,5.3
2020-04-08 06:00:00,13,3.87321428571429
2020-04-08 09:00:00,13,3.53989637305699
2020-04-08 12:00:00,13,3.47285714285714
2020-04-08 15:00:00,13,3.82777777777778
2020-04-08 18:00:00,13,3.42857142857143
2020-04-08 21:00:00,13,4.46666666666667
2020-04-09,13,4.3
2020-04-09 03:00:00,13,1.6
2020-04-09 06:00:00,13,6.73333333333333
2020-04-09 09:00:00,13,5
2020-04-09 12:00:00,13,2.74
2020-04-09 15:00:00,13,4.02434782608696
2020-04-09 18:00:00,13,3.95507246376812
2020-04-09 21:00:00,13,4.38
2020-04-10,13,4.8125
2020-04-10 03:00:00,13,3.2
2020-04-10 06:00:00,13,3.7
2020-04-10 09:00:00,13,3.73333333333333
2020-04-10 12:00:00,13,5.46
2020-04-10 15:00:00,13,3.675
2020-04-10 18:00:00,13,4.0125
2020-04-10 21:00:00,13,2.9
2020-04-11,13,5.5
2020-04-06,14,2.45
2020-04-06 03:00:00,14,4.03846153846154
2020-04-06 06:00:00,14,3.31052631578947
2020-04-06 09:00:00,14,4.65
2020-04-06 12:00:00,14,2.965
2020-04-06 15:00:00,14,1.63942307692308
2020-04-06 18:00:00,14,2.18888888888889
2020-04-06 21:00:00,14,3.04736842105263
2020-04-07,14,3.9625
2020-04-07 03:00:00,14,5.10909090909091
2020-04-07 06:00:00,14,3.33333333333333
2020-04-07 09:00:00,14,3.2
2020-04-07 12:00:00,14,2.69090909090909
2020-04-07 15:00:00,14,3.55
2020-04-07 18:00:00,14,3.23846153846154
2020-04-07 21:00:00,14,5.18125
2020-04-08,14,5.56428571428571
2020-04-08 03:00:00,14,4.65882352941176
2020-04-08 06:00:00,14,4.68770325203252
2020-04-08 09:00:00,14,4.65136501516684
2020-04-08 12:00:00,14,4.31029411764706
2020-04-08 15:00:00,14,4.52666666666667
2020-04-08 18:00:00,14,4.25
2020-04-08 21:00:00,14,4.4125
2020-04-09,14,4.74666666666667
2020-04-09 03:00:00,14,5.34
2020-04-09 06:00:00,14,3.86111111111111
2020-04-09 09:00:00,14,4.17777777777778
2020-04-09 12:00:00,14,4.15714285714286
2020-04-09 15:00:00,14,3.70922131147541
2020-04-09 18:00:00,14,3.78582089552239
2020-04-09 21:00:00,14,4.26666666666667
2020-04-10,14,2.48333333333333
2020-04-10 03:00:00,14,3.32107843137255
2020-04-10 06:00:00,14,4.15882352941176
2020-04-10 09:00:00,14,4.60909090909091
2020-04-10 12:00:00,14,3.28333333333333
2020-04-10 15:00:00,14,4.03846153846154
2020-04-10 18:00:00,14,3.73333333333333
2020-04-10 21:00:00,14,4.9375
2020-04-11,14,4.9375
2020-04-06,15,3.92222222222222
2020-04-06 03:00:00,15,3.91290322580645
2020-04-06 06:00:00,15,3.70277777777778
2020-04-06 09:00:00,15,3.4
2020-04-06 12:00:00,15,3.44285714285714
2020-04-06 15:00:00,15,1.29329608938547
2020-04-06 18:00:00,15,2.38955223880597
2020-04-06 21:00:00,15,4.09189189189189
2020-04-07,15,3.87222222222222
2020-04-07 03:00:00,15,4.51428571428571
2020-04-07 06:00:00,15,4.72222222222222
2020-04-07 09:00:00,15,3.890625
2020-04-07 12:00:00,15,3.72592592592593
2020-04-07 15:00:00,15,4.125
2020-04-07 18:00:00,15,4.01142857142857
2020-04-07 21:00:00,15,3.85121951219512
2020-04-08,15,4.66153846153846
2020-04-08 03:00:00,15,4.13684210526316
2020-04-08 06:00:00,15,2.54447592067989
2020-04-08 09:00:00,15,2.26827262044653
2020-04-08 12:00:00,15,2.14344827586207
2020-04-08 15:00:00,15,3.24347826086957
2020-04-08 18:00:00,15,4.11764705882353
2020-04-08 21:00:00,15,4.29428571428571
2020-04-09,15,3.38260869565217
2020-04-09 03:00:00,15,3.88064516129032
2020-04-09 06:00:00,15,4.20606060606061
2020-04-09 09:00:00,15,3.95
2020-04-09 12:00:00,15,4.675
2020-04-09 15:00:00,15,2.77958963282937
2020-04-09 18:00:00,15,3.02452830188679
2020-04-09 21:00:00,15,4.07222222222222
2020-04-10,15,3.88214285714286
2020-04-10 03:00:00,15,4.18484848484848
2020-04-10 06:00:00,15,3.93030303030303
2020-04-10 09:00:00,15,3.32142857142857
2020-04-10 12:00:00,15,3.89333333333333
2020-04-10 15:00:00,15,3.11714285714286
2020-04-10 18:00:00,15,4.71071428571429
2020-04-10 21:00:00,15,3.56571428571429
2020-04-11,15,2
2020-04-06,16,5.88
2020-04-06 03:00:00,16,3.8375
2020-04-06 06:00:00,16,3.675
2020-04-06 09:00:00,16,3.475
2020-04-06 12:00:00,16,2.52142857142857
2020-04-06 15:00:00,16,0.723943661971831
2020-04-06 18:00:00,16,2.09259259259259
2020-04-06 21:00:00,16,4.78333333333333
2020-04-07,16,3.56666666666667
2020-04-07 03:00:00,16,5.34
2020-04-07 06:00:00,16,4.0875
2020-04-07 09:00:00,16,4.325
2020-04-07 12:00:00,16,3.75333333333333
2020-04-07 15:00:00,16,3.9
2020-04-07 18:00:00,16,4.5
2020-04-07 21:00:00,16,4.03333333333333
2020-04-08,16,3.36666666666667
2020-04-08 03:00:00,16,5.18888888888889
2020-04-08 06:00:00,16,2.28028169014084
2020-04-08 09:00:00,16,2.5162037037037
2020-04-08 12:00:00,16,2.71320754716981
2020-04-08 15:00:00,16,3.56829268292683
2020-04-08 18:00:00,16,5.36666666666667
2020-04-08 21:00:00,16,4.65555555555556
2020-04-09,16,3.93846153846154
2020-04-09 03:00:00,16,3.7
2020-04-09 06:00:00,16,5.06
2020-04-09 09:00:00,16,3.60909090909091
2020-04-09 12:00:00,16,3.59230769230769
2020-04-09 15:00:00,16,2.4394344069128
2020-04-09 18:00:00,16,2.92818181818182
2020-04-09 21:00:00,16,3.06027397260274
2020-04-10,16,3.84210526315789
2020-04-10 03:00:00,16,3.99090909090909
2020-04-10 06:00:00,16,4.4125
2020-04-10 09:00:00,16,4.15
2020-04-10 12:00:00,16,4.5
2020-04-10 15:00:00,16,4.46111111111111
2020-04-10 18:00:00,16,4.7
2020-04-10 21:00:00,16,4.96666666666667
2020-04-11,16,4.96666666666667
2020-04-06,17,3.96666666666667
2020-04-06 03:00:00,17,4.55
2020-04-06 06:00:00,17,3.3125
2020-04-06 09:00:00,17,2.87
2020-04-06 12:00:00,17,4.725
2020-04-06 15:00:00,17,1.37058823529412
2020-04-06 18:00:00,17,1.48333333333333
2020-04-06 21:00:00,17,3.85
2020-04-07,17,2.75
2020-04-07 03:00:00,17,3.16666666666667
2020-04-07 06:00:00,17,3.1
2020-04-07 09:00:00,17,4.95
2020-04-07 12:00:00,17,4.2
2020-04-07 15:00:00,17,4.81111111111111
2020-04-07 18:00:00,17,5.2
2020-04-07 21:00:00,17,4.57777777777778
2020-04-08,17,4.4125
2020-04-08 03:00:00,17,3.575
2020-04-08 06:00:00,17,2.89928057553957
2020-04-08 09:00:00,17,2.66950934579439
2020-04-08 12:00:00,17,2.65449438202247
2020-04-08 15:00:00,17,3.00952380952381
2020-04-08 18:00:00,17,4.12
2020-04-08 21:00:00,17,4.8
2020-04-09,17,2.8
2020-04-09 03:00:00,17,5.95714285714286
2020-04-09 06:00:00,17,3.7
2020-04-09 09:00:00,17,2.75714285714286
2020-04-09 12:00:00,17,2.45
2020-04-09 15:00:00,17,2.41457627118644
2020-04-09 18:00:00,17,2.80740740740741
2020-04-09 21:00:00,17,4.58
2020-04-10,17,4.18
2020-04-10 03:00:00,17,3.66
2020-04-10 06:00:00,17,5.1
2020-04-10 09:00:00,17,7.3
2020-04-10 12:00:00,17,6.44871794871795
2020-04-10 15:00:00,17,5.5974358974359
2020-04-10 18:00:00,17,4.74615384615385
2020-04-10 21:00:00,17,3.91666666666667
2020-04-11,17,3.91666666666667
2020-04-06,18,3.675
2020-04-06 03:00:00,18,4.96363636363636
2020-04-06 06:00:00,18,2.7125
2020-04-06 09:00:00,18,3.6
2020-04-06 12:00:00,18,3.11818181818182
2020-04-06 15:00:00,18,1.6578313253012
2020-04-06 18:00:00,18,2.38888888888889
2020-04-06 21:00:00,18,3.70555555555556
2020-04-07,18,4.84
2020-04-07 03:00:00,18,3.78
2020-04-07 06:00:00,18,2.7
2020-04-07 09:00:00,18,3.62857142857143
2020-04-07 12:00:00,18,4.19375
2020-04-07 15:00:00,18,3.40625
2020-04-07 18:00:00,18,4.18846153846154
2020-04-07 21:00:00,18,4.83333333333333
2020-04-08,18,5.06666666666667
2020-04-08 03:00:00,18,4.4875
2020-04-08 06:00:00,18,4.73554119547657
2020-04-08 09:00:00,18,4.62326359832636
2020-04-08 12:00:00,18,4.4840782122905
2020-04-08 15:00:00,18,4.58392857142857
2020-04-08 18:00:00,18,5.51052631578947
2020-04-08 21:00:00,18,5.07142857142857
2020-04-09,18,5.8
2020-04-09 03:00:00,18,4.325
2020-04-09 06:00:00,18,4.68888888888889
2020-04-09 09:00:00,18,5.53
2020-04-09 12:00:00,18,4.11
2020-04-09 15:00:00,18,4.41174551386623
2020-04-09 18:00:00,18,4.76829268292683
2020-04-09 21:00:00,18,4.43333333333333
2020-04-10,18,3.84375
2020-04-10 03:00:00,18,3.15833333333333
2020-04-10 06:00:00,18,4.228125
2020-04-10 09:00:00,18,4.75555555555556
2020-04-10 12:00:00,18,4.08076923076923
2020-04-10 15:00:00,18,2.88461538461538
2020-04-10 18:00:00,18,4.21
2020-04-10 21:00:00,18,4.13125
2020-04-11,18,1.4
2020-04-06,19,3.10769230769231
2020-04-06 03:00:00,19,4.1
2020-04-06 06:00:00,19,4.67058823529412
2020-04-06 09:00:00,19,2.28888888888889
2020-04-06 12:00:00,19,2.97647058823529
2020-04-06 15:00:00,19,2.45
2020-04-06 18:00:00,19,2.88787878787879
2020-04-06 21:00:00,19,5.01111111111111
2020-04-07,19,3.20588235294118
2020-04-07 03:00:00,19,4.03333333333333
2020-04-07 06:00:00,19,3.45263157894737
2020-04-07 09:00:00,19,3.83809523809524
2020-04-07 12:00:00,19,5.08888888888889
2020-04-07 15:00:00,19,4.85
2020-04-07 18:00:00,19,3.96923076923077
2020-04-07 21:00:00,19,3.56666666666667
2020-04-08,19,3.19285714285714
2020-04-08 03:00:00,19,4.19
2020-04-08 06:00:00,19,3.11709401709402
2020-04-08 09:00:00,19,2.89867841409692
2020-04-08 12:00:00,19,2.88
2020-04-08 15:00:00,19,3.47
2020-04-08 18:00:00,19,5.1
2020-04-08 21:00:00,19,4.625
2020-04-09,19,4.7
2020-04-09 03:00:00,19,3.97692307692308
2020-04-09 06:00:00,19,3.15714285714286
2020-04-09 09:00:00,19,3.15
2020-04-09 12:00:00,19,5.425
2020-04-09 15:00:00,19,2.16901960784314
2020-04-09 18:00:00,19,2.65
2020-04-09 21:00:00,19,4.30833333333333
2020-04-10,19,4.1375
2020-04-10 03:00:00,19,4.28181818181818
2020-04-10 06:00:00,19,4.61666666666667
2020-04-10 09:00:00,19,4.9
2020-04-10 12:00:00,19,3.62
2020-04-10 15:00:00,19,4.9
2020-04-10 18:00:00,19,3.72307692307692
2020-04-10 21:00:00,19,4.675
2020-04-11,19,4.675
